test_file,success_on_attempt_#
comp_52,failed
comp_10,failed
comp_3,failed
comp_60,failed
comp_87,failed
comp_56,failed
comp_45,failed
comp_37,failed
comp_59,failed
comp_93,failed
comp_53,failed
comp_8,failed
comp_51,failed
comp_77,failed
comp_38,failed
comp_83,failed
comp_75,failed
comp_72,failed
comp_13,failed
comp_43,failed
comp_17,failed
comp_71,failed
comp_7,failed
comp_4,failed
comp_2,failed
comp_69,failed
comp_14,failed
comp_1,failed
comp_64,failed
comp_25,failed
comp_62,failed
comp_48,failed
comp_73,failed
comp_26,failed
comp_6,failed
comp_49,failed
comp_54,failed
comp_41,failed
comp_61,failed
comp_32,failed
comp_29,failed
comp_70,failed
comp_35,failed
comp_42,failed
comp_18,failed
comp_55,failed
comp_86,failed
comp_89,failed
comp_92,failed
comp_28,failed
comp_15,failed
comp_0,failed
comp_78,failed
comp_22,failed
comp_39,failed
comp_80,failed
comp_30,failed
comp_11,failed
comp_76,failed
comp_12,failed
comp_58,failed
comp_128,failed
comp_20,failed
comp_95,failed
comp_74,failed
comp_66,failed
comp_121,failed
comp_104,failed
comp_150,failed
comp_9,failed
comp_98,failed
comp_106,failed
comp_130,failed
comp_107,failed
comp_96,failed
comp_91,failed
comp_65,failed
comp_125,failed
comp_123,failed
comp_126,failed
comp_118,failed
comp_100,failed
comp_113,failed
comp_160,failed
comp_110,failed
comp_116,failed
comp_129,failed
comp_101,failed
comp_117,failed
comp_103,failed
comp_119,failed
comp_127,failed
comp_142,failed
comp_141,failed
comp_136,failed
comp_97,failed
comp_151,failed
comp_137,failed
comp_159,failed
comp_161,2
comp_164,failed
comp_155,failed
comp_108,failed
comp_124,failed
comp_145,failed
comp_144,failed
comp_115,failed
comp_162,failed
comp_135,failed
comp_143,failed
comp_146,failed
comp_158,failed
comp_153,failed
comp_165,failed
comp_152,failed
comp_168,failed
comp_148,failed
comp_81,failed
comp_131,failed
comp_170,failed
comp_171,3
comp_181,failed
comp_182,failed
comp_19,failed
comp_178,failed
comp_188,failed
comp_189,failed
comp_163,failed
comp_139,failed
comp_183,failed
comp_173,failed
comp_210,failed
comp_187,failed
comp_185,failed
comp_204,failed
comp_194,failed
comp_190,failed
comp_175,failed
comp_201,failed
comp_193,failed
comp_202,failed
comp_186,failed
comp_195,failed
comp_192,failed
comp_213,failed
comp_226,failed
comp_219,failed
comp_172,failed
comp_198,failed
comp_184,failed
comp_216,failed
comp_220,failed
comp_228,failed
comp_218,failed
comp_196,failed
comp_223,failed
comp_200,failed
comp_197,failed
comp_225,failed
comp_207,failed
comp_179,failed
comp_205,failed
comp_231,failed
comp_230,failed
comp_222,failed
comp_217,failed
comp_211,failed
comp_209,failed
comp_203,failed
comp_208,failed
comp_229,failed
comp_233,failed
comp_212,failed
comp_232,failed
comp_246,failed
comp_256,failed
comp_263,failed
comp_257,failed
comp_245,failed
comp_251,failed
comp_240,failed
comp_238,failed
comp_255,failed
comp_264,failed
comp_276,failed
comp_227,failed
comp_249,failed
comp_248,failed
comp_239,failed
comp_261,failed
comp_247,failed
comp_258,failed
comp_271,failed
comp_284,failed
comp_267,failed
comp_252,failed
comp_259,failed
comp_262,failed
comp_287,failed
comp_279,failed
comp_288,failed
comp_243,failed
comp_253,failed
comp_286,failed
comp_289,failed
comp_278,failed
comp_274,failed
comp_283,failed
comp_282,failed
comp_250,failed
comp_285,failed
comp_272,failed
comp_268,failed
comp_270,failed
comp_292,failed
comp_291,failed
comp_299,failed
comp_290,failed
comp_297,failed
comp_294,failed
comp_295,failed
comp_281,failed
comp_296,failed
